First Name,Last Name,Age,Sex
Sherry,Caldwell,107,Male
Harry,Mitchell,71,Male
Sara,Huff,60,Male
Nicolas,Mckinney,73,Male
Emily,Travis,91,Male
Ernest,Oconnell,81,Male
Dakota,Gomez,110,Male
Marco,Reyes,59,Male
Bryan,Vaughn,60,Male
Seth,Hess,115,Male
Stefanie,Sherman,58,Male
Angela,Huff,102,Male
Kristopher,Barnes,75,Male
Rachael,Herrera,97,Male
Steve,Donovan,90,Male
Yesenia,Harding,118,Male
Darrell,Fuller,84,Male
Priscilla,Valenzuela,82,Male
Joanna,Doyle,87,Male
Seth,Pratt,76,Male
Joshua,Grant,72,Male
Jordan,Long,112,Male
Tony,Melendez,101,Male
Lydia,Vargas,77,Male
Vernon,Terry,64,Male
Roberta,Hodge,102,Male
Taylor,Paul,79,Male
Ariana,Potter,65,Male
Diamond,Spence,63,Male
Samantha,Harris,59,Male
Priscilla,Bean,75,Male
Karl,Floyd,87,Male
Neil,Sawyer,64,Male
Julia,Acosta,109,Male
Roger,Beasley,57,Male
April,Hebert,85,Male
Alexandria,Burgess,72,Male
Manuel,Castro,75,Male
Nathan,Glenn,73,Male
Hailey,Aguirre,88,Male
Joann,Fuller,106,Male
Peggy,Odom,95,Male
Denise,Hahn,110,Male
Phyllis,Sanchez,105,Male
Brittney,Stafford,107,Male
Jake,Tate,84,Male
Earl,Yates,82,Male
Brittany,James,78,Male
Mckenzie,Beltran,110,Male
Drew,Sanchez,117,Male
Alan,Randall,79,Male
Tami,Compton,109,Male
Sherri,Williams,99,Male
Sherry,Maldonado,68,Male
Evan,Howe,118,Male
Curtis,Zamora,109,Male
Alan,Shaffer,86,Male
Katherine,Bolton,55,Male
Christian,Mosley,79,Male
Helen,Maynard,80,Male
Kerry,Newman,67,Male
Dominic,Buchanan,110,Male
Gordon,Hess,112,Male
Charlene,Schwartz,79,Male
Anita,Burnett,55,Male
Leslie,Patel,117,Male
Deanna,Ford,96,Male
Sharon,Torres,113,Male
Olivia,Austin,70,Male
Bridget,Griffith,71,Male
Bridget,Ryan,57,Male
Jonathon,Huynh,63,Male
Jacqueline,Harper,87,Male
Caroline,Lindsey,80,Male
Meagan,Salazar,95,Male
Yolanda,Stanton,116,Male
Taylor,Benton,110,Male
Ebony,Ross,67,Male
Kristina,Krueger,89,Male
Krista,Booker,115,Male
Melody,Jacobson,70,Male
Allison,Walls,86,Male
Albert,Cross,118,Male
Judith,Huff,65,Male
Leon,Guerrero,101,Male
Yesenia,Petty,62,Male
Teresa,Powers,75,Male
Gary,Blackwell,85,Male
Jasmine,Irwin,75,Male
Stanley,Beard,62,Male
Tristan,Aguirre,96,Male
Jessica,Stokes,79,Male
Kerry,Downs,118,Male
Deborah,Benjamin,68,Male
Angel,Vance,75,Male
Bethany,Santos,62,Male
Vicki,Mitchell,60,Male
Jay,Perkins,64,Male
Ariana,Hickman,76,Male
Aimee,Bridges,65,Male
Raven,Moore,57,Male
Bernard,Schroeder,81,Male
Robert,Avila,81,Male
Lance,Blankenship,67,Male
Alvin,Smith,55,Male
Christine,Matthews,61,Male
Kara,Esparza,81,Male
Erika,Cruz,61,Male
Preston,Erickson,90,Male
Brittney,Norris,98,Male
Cameron,Gray,95,Male
Wyatt,Monroe,96,Male
Nina,Giles,82,Male
Mandy,Green,109,Male
Bradley,Douglas,103,Male
Roberto,Yu,114,Male
Jessica,Chambers,102,Male
Summer,Escobar,115,Male
Phillip,Dalton,65,Male
Gregg,Hurst,84,Male
Joy,Mercer,69,Male
Scott,Mcmahon,59,Male
Grace,Bolton,83,Male
Kerry,Andersen,59,Male
Carla,Marshall,107,Male
Anne,Garza,62,Male
Sydney,Trujillo,69,Male
Emma,Caldwell,73,Male
Valerie,Koch,114,Male
Karla,Shelton,60,Male
Diane,Patel,95,Male
Haley,Gay,85,Male
Megan,Roberts,95,Male
Bryan,Dawson,59,Male
Cassie,Knapp,68,Male
Valerie,Wright,58,Male
Elijah,Barnett,118,Male
Tracey,George,93,Male
Elaine,Nichols,105,Male
Ross,Carrillo,118,Male
Blake,Long,103,Male
Johnny,Phillips,77,Male
Lonnie,Meza,59,Male
Kellie,Frye,69,Male
Claudia,Leon,93,Male
Logan,Henry,62,Male
Sheryl,Yoder,62,Male
Lynn,Carney,74,Male
Sally,Strickland,89,Male
Janice,Wood,76,Male
Sean,Velazquez,56,Male
Logan,Beck,71,Male
Ariel,Wilkinson,103,Male
Don,Melton,70,Male
Judy,Meyers,118,Male
Janet,Mcgrath,107,Male
Jeanette,Thompson,74,Male
Cristian,Chavez,84,Male
Kyle,Bruce,105,Male
Clifford,Shields,89,Male
Andrew,Logan,64,Male
Kendra,Buck,79,Male
Terri,Stout,113,Male
Jeremy,Gonzales,79,Male
Edward,Mcintosh,78,Male
Shannon,Marquez,74,Male
Jake,Shannon,90,Male
Carrie,Newman,78,Male
Francis,Carr,59,Male
Bryan,Wise,56,Male
Dominic,Friedman,116,Male
Rick,Chavez,104,Male
Lisa,Roy,111,Male
Katelyn,Burns,89,Male
Douglas,Ellis,72,Male
Bailey,Bonilla,59,Male
Heidi,Brock,70,Male
Bill,Pierce,69,Male
Brett,Petersen,58,Male
Lorraine,Miles,99,Male
Heidi,Berger,90,Male
Christy,Martin,96,Male
Carrie,Gomez,63,Male
Bryan,Oconnell,94,Male
Joanne,Moody,85,Male
Autumn,Avila,70,Male
Caitlyn,Webb,94,Male
Bianca,Merritt,113,Male
Kenneth,Sanchez,85,Male
David,Skinner,55,Male
Craig,Duffy,85,Male
Erik,Summers,79,Male
Heidi,Odonnell,89,Male
Emily,Molina,102,Male
Drew,Beck,98,Male
Frances,Harrell,67,Male
Claire,Esparza,76,Male
Evan,Sheppard,84,Male
Vincent,Schmidt,73,Male
Ronnie,Hurley,110,Male
Javier,Mata,76,Male
Johnny,Daugherty,93,Male
Gabriel,Bird,81,Male
Kimberly,Kirby,104,Male
Catherine,Bryan,68,Male
Jerome,Dougherty,115,Male
Blake,Duke,71,Male
Rick,Mosley,77,Male
Reginald,Howard,103,Male
Chad,Manning,95,Male
Wayne,Guzman,100,Male
Regina,Carlson,75,Male
Pam,Jennings,112,Male
Bobby,Patterson,62,Male
Heidi,Roman,81,Male
Christine,Payne,111,Male
Calvin,Thomas,115,Male
Caitlyn,Bass,114,Male
Tony,Holmes,75,Male
Lydia,Cisneros,102,Male
Dorothy,Shannon,88,Male
Dominic,Moran,73,Male
Paula,Daniels,109,Male
Steve,Peck,116,Male
Diana,Burnett,82,Male
Margaret,Wang,85,Male
Carlos,Ramos,67,Male
Jonathon,Holden,91,Male
Javier,Camacho,110,Male
Jon,Soto,74,Male
Stuart,Tapia,83,Male
Natalie,Owens,112,Male
Ivan,Newton,85,Male
Haley,Pineda,97,Male
Malik,Tate,114,Male
Tonya,Barrett,95,Male
Sylvia,Boyer,72,Male
Yolanda,Wagner,93,Male
Gail,Skinner,80,Male
Cole,Hancock,92,Male
Stephen,Callahan,108,Male
Geoffrey,Booth,104,Male
Mariah,Finley,97,Male
Heather,Holder,96,Male
Mikayla,Chaney,71,Male
Tasha,Ramos,57,Male
Candice,Barber,56,Male
Sherry,Holloway,111,Male
Noah,Lloyd,93,Male
Vernon,Daugherty,95,Male
Damon,Petersen,94,Male
Darius,Kerr,79,Male
Lonnie,Reynolds,63,Male
Omar,Kent,71,Male
Lydia,Obrien,99,Male
